{
    "blues": {
        "precision": 0.0,
        "recall": 0.0,
        "f1-score": 0.0,
        "support": 20.0
    },
    "classical": {
        "precision": 0.2753623188405797,
        "recall": 0.95,
        "f1-score": 0.42696629213483145,
        "support": 20.0
    },
    "country": {
        "precision": 0.0,
        "recall": 0.0,
        "f1-score": 0.0,
        "support": 20.0
    },
    "disco": {
        "precision": 0.0,
        "recall": 0.0,
        "f1-score": 0.0,
        "support": 20.0
    },
    "hiphop": {
        "precision": 0.24324324324324326,
        "recall": 0.45,
        "f1-score": 0.3157894736842105,
        "support": 20.0
    },
    "jazz": {
        "precision": 0.125,
        "recall": 0.1,
        "f1-score": 0.1111111111111111,
        "support": 20.0
    },
    "metal": {
        "precision": 0.0,
        "recall": 0.0,
        "f1-score": 0.0,
        "support": 20.0
    },
    "pop": {
        "precision": 0.2711864406779661,
        "recall": 0.8,
        "f1-score": 0.4050632911392405,
        "support": 20.0
    },
    "reggae": {
        "precision": 0.6,
        "recall": 0.15,
        "f1-score": 0.24,
        "support": 20.0
    },
    "rock": {
        "precision": 0.42857142857142855,
        "recall": 0.3,
        "f1-score": 0.35294117647058826,
        "support": 20.0
    },
    "accuracy": 0.275,
    "macro avg": {
        "precision": 0.19433634313332177,
        "recall": 0.27499999999999997,
        "f1-score": 0.1851871344539982,
        "support": 200.0
    },
    "weighted avg": {
        "precision": 0.19433634313332174,
        "recall": 0.275,
        "f1-score": 0.18518713445399818,
        "support": 200.0
    }
}