{
    "blues": {
        "precision": 0.19444444444444445,
        "recall": 0.35,
        "f1-score": 0.25,
        "support": 20.0
    },
    "classical": {
        "precision": 0.35135135135135137,
        "recall": 0.65,
        "f1-score": 0.45614035087719296,
        "support": 20.0
    },
    "country": {
        "precision": 0.06666666666666667,
        "recall": 0.05,
        "f1-score": 0.05714285714285714,
        "support": 20.0
    },
    "disco": {
        "precision": 0.14285714285714285,
        "recall": 0.15,
        "f1-score": 0.14634146341463414,
        "support": 20.0
    },
    "hiphop": {
        "precision": 0.375,
        "recall": 0.15,
        "f1-score": 0.21428571428571427,
        "support": 20.0
    },
    "jazz": {
        "precision": 0.3,
        "recall": 0.15,
        "f1-score": 0.2,
        "support": 20.0
    },
    "metal": {
        "precision": 0.2608695652173913,
        "recall": 0.3,
        "f1-score": 0.27906976744186046,
        "support": 20.0
    },
    "pop": {
        "precision": 0.5,
        "recall": 0.55,
        "f1-score": 0.5238095238095238,
        "support": 20.0
    },
    "reggae": {
        "precision": 0.13333333333333333,
        "recall": 0.1,
        "f1-score": 0.11428571428571428,
        "support": 20.0
    },
    "rock": {
        "precision": 0.23076923076923078,
        "recall": 0.15,
        "f1-score": 0.18181818181818182,
        "support": 20.0
    },
    "accuracy": 0.26,
    "macro avg": {
        "precision": 0.2555291734639561,
        "recall": 0.26,
        "f1-score": 0.24228935730756787,
        "support": 200.0
    },
    "weighted avg": {
        "precision": 0.25552917346395604,
        "recall": 0.26,
        "f1-score": 0.24228935730756787,
        "support": 200.0
    }
}