{
    "blues": {
        "precision": 0.375,
        "recall": 0.3,
        "f1-score": 0.3333333333333333,
        "support": 20.0
    },
    "classical": {
        "precision": 0.6666666666666666,
        "recall": 0.7,
        "f1-score": 0.6829268292682927,
        "support": 20.0
    },
    "country": {
        "precision": 0.3103448275862069,
        "recall": 0.45,
        "f1-score": 0.3673469387755102,
        "support": 20.0
    },
    "disco": {
        "precision": 0.3181818181818182,
        "recall": 0.35,
        "f1-score": 0.3333333333333333,
        "support": 20.0
    },
    "hiphop": {
        "precision": 0.38095238095238093,
        "recall": 0.4,
        "f1-score": 0.3902439024390244,
        "support": 20.0
    },
    "jazz": {
        "precision": 0.4166666666666667,
        "recall": 0.5,
        "f1-score": 0.45454545454545453,
        "support": 20.0
    },
    "metal": {
        "precision": 0.3870967741935484,
        "recall": 0.6,
        "f1-score": 0.47058823529411764,
        "support": 20.0
    },
    "pop": {
        "precision": 0.21428571428571427,
        "recall": 0.15,
        "f1-score": 0.17647058823529413,
        "support": 20.0
    },
    "reggae": {
        "precision": 0.25,
        "recall": 0.1,
        "f1-score": 0.14285714285714285,
        "support": 20.0
    },
    "rock": {
        "precision": 0.2857142857142857,
        "recall": 0.2,
        "f1-score": 0.23529411764705882,
        "support": 20.0
    },
    "accuracy": 0.375,
    "macro avg": {
        "precision": 0.3604909134247288,
        "recall": 0.37500000000000006,
        "f1-score": 0.3586939875728562,
        "support": 200.0
    },
    "weighted avg": {
        "precision": 0.3604909134247287,
        "recall": 0.375,
        "f1-score": 0.35869398757285614,
        "support": 200.0
    }
}