{
    "blues": {
        "precision": 0.26666666666666666,
        "recall": 0.2,
        "f1-score": 0.22857142857142856,
        "support": 20.0
    },
    "classical": {
        "precision": 0.35294117647058826,
        "recall": 0.6,
        "f1-score": 0.4444444444444444,
        "support": 20.0
    },
    "country": {
        "precision": 0.2222222222222222,
        "recall": 0.3,
        "f1-score": 0.2553191489361702,
        "support": 20.0
    },
    "disco": {
        "precision": 0.21739130434782608,
        "recall": 0.25,
        "f1-score": 0.23255813953488372,
        "support": 20.0
    },
    "hiphop": {
        "precision": 0.2727272727272727,
        "recall": 0.3,
        "f1-score": 0.2857142857142857,
        "support": 20.0
    },
    "jazz": {
        "precision": 0.4117647058823529,
        "recall": 0.35,
        "f1-score": 0.3783783783783784,
        "support": 20.0
    },
    "metal": {
        "precision": 0.3684210526315789,
        "recall": 0.7,
        "f1-score": 0.4827586206896552,
        "support": 20.0
    },
    "pop": {
        "precision": 0.3333333333333333,
        "recall": 0.1,
        "f1-score": 0.15384615384615385,
        "support": 20.0
    },
    "reggae": {
        "precision": 0.2222222222222222,
        "recall": 0.1,
        "f1-score": 0.13793103448275862,
        "support": 20.0
    },
    "rock": {
        "precision": 0.2222222222222222,
        "recall": 0.1,
        "f1-score": 0.13793103448275862,
        "support": 20.0
    },
    "accuracy": 0.3,
    "macro avg": {
        "precision": 0.2889912178726286,
        "recall": 0.3,
        "f1-score": 0.2737452669080917,
        "support": 200.0
    },
    "weighted avg": {
        "precision": 0.28899121787262855,
        "recall": 0.3,
        "f1-score": 0.27374526690809176,
        "support": 200.0
    }
}