{
    "blues": {
        "precision": 0.22727272727272727,
        "recall": 0.25,
        "f1-score": 0.23809523809523808,
        "support": 20.0
    },
    "classical": {
        "precision": 0.6470588235294118,
        "recall": 0.55,
        "f1-score": 0.5945945945945946,
        "support": 20.0
    },
    "country": {
        "precision": 0.3103448275862069,
        "recall": 0.45,
        "f1-score": 0.3673469387755102,
        "support": 20.0
    },
    "disco": {
        "precision": 0.26666666666666666,
        "recall": 0.2,
        "f1-score": 0.22857142857142856,
        "support": 20.0
    },
    "hiphop": {
        "precision": 0.4827586206896552,
        "recall": 0.7,
        "f1-score": 0.5714285714285714,
        "support": 20.0
    },
    "jazz": {
        "precision": 0.3793103448275862,
        "recall": 0.55,
        "f1-score": 0.4489795918367347,
        "support": 20.0
    },
    "metal": {
        "precision": 0.6666666666666666,
        "recall": 0.6,
        "f1-score": 0.631578947368421,
        "support": 20.0
    },
    "pop": {
        "precision": 0.25,
        "recall": 0.25,
        "f1-score": 0.25,
        "support": 20.0
    },
    "reggae": {
        "precision": 0.06666666666666667,
        "recall": 0.05,
        "f1-score": 0.05714285714285714,
        "support": 20.0
    },
    "rock": {
        "precision": 0.0,
        "recall": 0.0,
        "f1-score": 0.0,
        "support": 20.0
    },
    "accuracy": 0.36,
    "macro avg": {
        "precision": 0.32967453439055877,
        "recall": 0.36,
        "f1-score": 0.33877381678133556,
        "support": 200.0
    },
    "weighted avg": {
        "precision": 0.32967453439055866,
        "recall": 0.36,
        "f1-score": 0.3387738167813355,
        "support": 200.0
    }
}