{
    "blues": {
        "precision": 0.5454545454545454,
        "recall": 0.6,
        "f1-score": 0.5714285714285714,
        "support": 20.0
    },
    "classical": {
        "precision": 0.8,
        "recall": 0.8,
        "f1-score": 0.8,
        "support": 20.0
    },
    "country": {
        "precision": 0.5,
        "recall": 0.4,
        "f1-score": 0.4444444444444444,
        "support": 20.0
    },
    "disco": {
        "precision": 0.46153846153846156,
        "recall": 0.3,
        "f1-score": 0.36363636363636365,
        "support": 20.0
    },
    "hiphop": {
        "precision": 0.45,
        "recall": 0.45,
        "f1-score": 0.45,
        "support": 20.0
    },
    "jazz": {
        "precision": 0.7142857142857143,
        "recall": 0.75,
        "f1-score": 0.7317073170731707,
        "support": 20.0
    },
    "metal": {
        "precision": 0.6666666666666666,
        "recall": 0.8,
        "f1-score": 0.7272727272727273,
        "support": 20.0
    },
    "pop": {
        "precision": 0.53125,
        "recall": 0.85,
        "f1-score": 0.6538461538461539,
        "support": 20.0
    },
    "reggae": {
        "precision": 0.5,
        "recall": 0.45,
        "f1-score": 0.47368421052631576,
        "support": 20.0
    },
    "rock": {
        "precision": 0.5714285714285714,
        "recall": 0.4,
        "f1-score": 0.47058823529411764,
        "support": 20.0
    },
    "accuracy": 0.58,
    "macro avg": {
        "precision": 0.5740623959373959,
        "recall": 0.58,
        "f1-score": 0.5686608023521865,
        "support": 200.0
    },
    "weighted avg": {
        "precision": 0.5740623959373959,
        "recall": 0.58,
        "f1-score": 0.5686608023521864,
        "support": 200.0
    }
}