{
    "blues": {
        "precision": 0.6666666666666666,
        "recall": 0.7,
        "f1-score": 0.6829268292682927,
        "support": 20.0
    },
    "classical": {
        "precision": 0.9,
        "recall": 0.9,
        "f1-score": 0.9,
        "support": 20.0
    },
    "country": {
        "precision": 0.4166666666666667,
        "recall": 0.5,
        "f1-score": 0.45454545454545453,
        "support": 20.0
    },
    "disco": {
        "precision": 0.42857142857142855,
        "recall": 0.3,
        "f1-score": 0.35294117647058826,
        "support": 20.0
    },
    "hiphop": {
        "precision": 0.5,
        "recall": 0.45,
        "f1-score": 0.47368421052631576,
        "support": 20.0
    },
    "jazz": {
        "precision": 0.53125,
        "recall": 0.85,
        "f1-score": 0.6538461538461539,
        "support": 20.0
    },
    "metal": {
        "precision": 0.6521739130434783,
        "recall": 0.75,
        "f1-score": 0.6976744186046512,
        "support": 20.0
    },
    "pop": {
        "precision": 0.5483870967741935,
        "recall": 0.85,
        "f1-score": 0.6666666666666666,
        "support": 20.0
    },
    "reggae": {
        "precision": 0.8571428571428571,
        "recall": 0.3,
        "f1-score": 0.4444444444444444,
        "support": 20.0
    },
    "rock": {
        "precision": 0.6,
        "recall": 0.3,
        "f1-score": 0.4,
        "support": 20.0
    },
    "accuracy": 0.59,
    "macro avg": {
        "precision": 0.610085862886529,
        "recall": 0.5900000000000001,
        "f1-score": 0.5726729354372568,
        "support": 200.0
    },
    "weighted avg": {
        "precision": 0.6100858628865291,
        "recall": 0.59,
        "f1-score": 0.5726729354372567,
        "support": 200.0
    }
}