{
    "blues": {
        "precision": 0.47058823529411764,
        "recall": 0.4,
        "f1-score": 0.43243243243243246,
        "support": 20.0
    },
    "classical": {
        "precision": 0.8333333333333334,
        "recall": 1.0,
        "f1-score": 0.9090909090909091,
        "support": 20.0
    },
    "country": {
        "precision": 0.6363636363636364,
        "recall": 0.35,
        "f1-score": 0.45161290322580644,
        "support": 20.0
    },
    "disco": {
        "precision": 0.375,
        "recall": 0.3,
        "f1-score": 0.3333333333333333,
        "support": 20.0
    },
    "hiphop": {
        "precision": 0.4,
        "recall": 0.3,
        "f1-score": 0.34285714285714286,
        "support": 20.0
    },
    "jazz": {
        "precision": 0.5,
        "recall": 0.55,
        "f1-score": 0.5238095238095238,
        "support": 20.0
    },
    "metal": {
        "precision": 0.6296296296296297,
        "recall": 0.85,
        "f1-score": 0.723404255319149,
        "support": 20.0
    },
    "pop": {
        "precision": 0.4722222222222222,
        "recall": 0.85,
        "f1-score": 0.6071428571428571,
        "support": 20.0
    },
    "reggae": {
        "precision": 0.5,
        "recall": 0.5,
        "f1-score": 0.5,
        "support": 20.0
    },
    "rock": {
        "precision": 0.4166666666666667,
        "recall": 0.25,
        "f1-score": 0.3125,
        "support": 20.0
    },
    "accuracy": 0.535,
    "macro avg": {
        "precision": 0.5233803723509607,
        "recall": 0.5349999999999999,
        "f1-score": 0.5136183357211154,
        "support": 200.0
    },
    "weighted avg": {
        "precision": 0.5233803723509606,
        "recall": 0.535,
        "f1-score": 0.5136183357211154,
        "support": 200.0
    }
}