{
    "blues": {
        "precision": 0.65,
        "recall": 0.65,
        "f1-score": 0.65,
        "support": 20.0
    },
    "classical": {
        "precision": 0.9523809523809523,
        "recall": 1.0,
        "f1-score": 0.975609756097561,
        "support": 20.0
    },
    "country": {
        "precision": 0.7142857142857143,
        "recall": 0.5,
        "f1-score": 0.5882352941176471,
        "support": 20.0
    },
    "disco": {
        "precision": 0.45,
        "recall": 0.45,
        "f1-score": 0.45,
        "support": 20.0
    },
    "hiphop": {
        "precision": 0.42105263157894735,
        "recall": 0.4,
        "f1-score": 0.41025641025641024,
        "support": 20.0
    },
    "jazz": {
        "precision": 0.5416666666666666,
        "recall": 0.65,
        "f1-score": 0.5909090909090909,
        "support": 20.0
    },
    "metal": {
        "precision": 0.7619047619047619,
        "recall": 0.8,
        "f1-score": 0.7804878048780488,
        "support": 20.0
    },
    "pop": {
        "precision": 0.6818181818181818,
        "recall": 0.75,
        "f1-score": 0.7142857142857143,
        "support": 20.0
    },
    "reggae": {
        "precision": 0.47619047619047616,
        "recall": 0.5,
        "f1-score": 0.4878048780487805,
        "support": 20.0
    },
    "rock": {
        "precision": 0.6111111111111112,
        "recall": 0.55,
        "f1-score": 0.5789473684210527,
        "support": 20.0
    },
    "accuracy": 0.625,
    "macro avg": {
        "precision": 0.6260410495936812,
        "recall": 0.6249999999999999,
        "f1-score": 0.6226536317014306,
        "support": 200.0
    },
    "weighted avg": {
        "precision": 0.6260410495936811,
        "recall": 0.625,
        "f1-score": 0.6226536317014305,
        "support": 200.0
    }
}