{
    "blues": {
        "precision": 0.0,
        "recall": 0.0,
        "f1-score": 0.0,
        "support": 20.0
    },
    "classical": {
        "precision": 0.0,
        "recall": 0.0,
        "f1-score": 0.0,
        "support": 20.0
    },
    "country": {
        "precision": 0.0,
        "recall": 0.0,
        "f1-score": 0.0,
        "support": 20.0
    },
    "disco": {
        "precision": 0.0,
        "recall": 0.0,
        "f1-score": 0.0,
        "support": 20.0
    },
    "hiphop": {
        "precision": 0.19444444444444445,
        "recall": 0.35,
        "f1-score": 0.25,
        "support": 20.0
    },
    "jazz": {
        "precision": 0.18072289156626506,
        "recall": 0.75,
        "f1-score": 0.2912621359223301,
        "support": 20.0
    },
    "metal": {
        "precision": 0.28,
        "recall": 0.7,
        "f1-score": 0.4,
        "support": 20.0
    },
    "pop": {
        "precision": 0.22727272727272727,
        "recall": 0.25,
        "f1-score": 0.23809523809523808,
        "support": 20.0
    },
    "reggae": {
        "precision": 0.0,
        "recall": 0.0,
        "f1-score": 0.0,
        "support": 20.0
    },
    "rock": {
        "precision": 0.0,
        "recall": 0.0,
        "f1-score": 0.0,
        "support": 20.0
    },
    "accuracy": 0.205,
    "macro avg": {
        "precision": 0.08824400632834369,
        "recall": 0.205,
        "f1-score": 0.11793573740175681,
        "support": 200.0
    },
    "weighted avg": {
        "precision": 0.08824400632834367,
        "recall": 0.205,
        "f1-score": 0.11793573740175681,
        "support": 200.0
    }
}