{
    "blues": {
        "precision": 0.21951219512195122,
        "recall": 0.45,
        "f1-score": 0.29508196721311475,
        "support": 20.0
    },
    "classical": {
        "precision": 0.1,
        "recall": 0.1,
        "f1-score": 0.1,
        "support": 20.0
    },
    "country": {
        "precision": 0.09090909090909091,
        "recall": 0.15,
        "f1-score": 0.11320754716981132,
        "support": 20.0
    },
    "disco": {
        "precision": 0.1875,
        "recall": 0.15,
        "f1-score": 0.16666666666666666,
        "support": 20.0
    },
    "hiphop": {
        "precision": 0.0,
        "recall": 0.0,
        "f1-score": 0.0,
        "support": 20.0
    },
    "jazz": {
        "precision": 0.3157894736842105,
        "recall": 0.3,
        "f1-score": 0.3076923076923077,
        "support": 20.0
    },
    "metal": {
        "precision": 0.4,
        "recall": 0.4,
        "f1-score": 0.4,
        "support": 20.0
    },
    "pop": {
        "precision": 0.16666666666666666,
        "recall": 0.15,
        "f1-score": 0.15789473684210525,
        "support": 20.0
    },
    "reggae": {
        "precision": 0.125,
        "recall": 0.05,
        "f1-score": 0.07142857142857142,
        "support": 20.0
    },
    "rock": {
        "precision": 0.09090909090909091,
        "recall": 0.05,
        "f1-score": 0.06451612903225806,
        "support": 20.0
    },
    "accuracy": 0.18,
    "macro avg": {
        "precision": 0.16962865172910102,
        "recall": 0.18000000000000002,
        "f1-score": 0.1676487926044835,
        "support": 200.0
    },
    "weighted avg": {
        "precision": 0.16962865172910102,
        "recall": 0.18,
        "f1-score": 0.16764879260448354,
        "support": 200.0
    }
}